{"stats":{"minecraft:dropped":{"minecraft:wheat_seeds":2},"minecraft:custom":{"minecraft:jump":67,"minecraft:time_since_rest":14265,"minecraft:damage_dealt":30,"minecraft:crouch_one_cm":162,"minecraft:sprint_one_cm":5504,"minecraft:play_time":14265,"minecraft:time_since_death":14265,"minecraft:walk_one_cm":4940,"minecraft:sneak_time":397,"minecraft:climb_one_cm":242,"minecraft:total_world_time":14265,"minecraft:drop":1,"minecraft:fall_one_cm":418,"minecraft:fly_one_cm":396273},"minecraft:picked_up":{"minecraft:wheat_seeds":2},"minecraft:used":{"alexsmobs:animal_dictionary":1},"minecraft:mined":{"minecraft:grass":23}},"DataVersion":3465}