{"stats":{"minecraft:dropped":{"minecraft:wheat_seeds":2},"minecraft:custom":{"minecraft:time_since_rest":79079,"minecraft:open_chest":6,"minecraft:crouch_one_cm":1062,"minecraft:sprint_one_cm":22591,"minecraft:play_time":79079,"minecraft:walk_one_cm":17935,"minecraft:sneak_time":805,"minecraft:walk_under_water_one_cm":1493,"minecraft:drop":1,"minecraft:jump":280,"minecraft:damage_dealt":130,"minecraft:walk_on_water_one_cm":285,"minecraft:time_since_death":79079,"minecraft:climb_one_cm":242,"minecraft:total_world_time":79079,"minecraft:fly_one_cm":659770,"minecraft:fall_one_cm":418},"minecraft:picked_up":{"minecraft:wheat_seeds":2,"minecraft:spruce_door":1},"minecraft:used":{"minecraft:calcite":2,"minecraft:dark_oak_planks":2,"minecraft:mossy_cobblestone":3,"minecraft:dirt":2,"minecraft:black_stained_glass_pane":2,"minecraft:oxidized_copper":227,"minecraft:grass_block":7,"alexsmobs:animal_dictionary":1,"minecraft:stone":7,"minecraft:clay":6,"minecraft:grass":1},"minecraft:mined":{"minecraft:grass":23}},"DataVersion":3465}