{"stats":{"minecraft:dropped":{"minecraft:wheat_seeds":2},"minecraft:custom":{"minecraft:jump":49,"minecraft:time_since_rest":2265,"minecraft:damage_dealt":30,"minecraft:crouch_one_cm":122,"minecraft:sprint_one_cm":3122,"minecraft:play_time":2265,"minecraft:time_since_death":2265,"minecraft:walk_one_cm":3886,"minecraft:sneak_time":32,"minecraft:total_world_time":2265,"minecraft:drop":1,"minecraft:fall_one_cm":418,"minecraft:fly_one_cm":72294},"minecraft:picked_up":{"minecraft:wheat_seeds":2},"minecraft:used":{"alexsmobs:animal_dictionary":1},"minecraft:mined":{"minecraft:grass":23}},"DataVersion":3465}