{"stats":{"minecraft:dropped":{"minecraft:wheat_seeds":2},"minecraft:custom":{"minecraft:time_since_rest":91079,"minecraft:open_chest":7,"minecraft:crouch_one_cm":4017,"minecraft:sprint_one_cm":33946,"minecraft:play_time":91079,"minecraft:walk_one_cm":38324,"minecraft:sneak_time":1886,"minecraft:walk_under_water_one_cm":1493,"minecraft:drop":1,"minecraft:jump":347,"minecraft:damage_dealt":140,"minecraft:walk_on_water_one_cm":285,"minecraft:time_since_death":91079,"minecraft:climb_one_cm":242,"minecraft:total_world_time":91079,"minecraft:fly_one_cm":807428,"minecraft:fall_one_cm":418},"minecraft:picked_up":{"minecraft:wheat_seeds":2,"minecraft:spruce_door":1},"minecraft:used":{"minecraft:calcite":2,"minecraft:dark_oak_planks":2,"minecraft:mossy_cobblestone":3,"minecraft:dirt":2,"minecraft:black_stained_glass_pane":2,"minecraft:oxidized_copper":289,"minecraft:grass_block":13,"alexsmobs:animal_dictionary":1,"minecraft:stone":7,"minecraft:clay":6,"minecraft:grass":4,"minecraft:experience_bottle":4},"minecraft:mined":{"minecraft:grass":23}},"DataVersion":3465}