{"stats":{"minecraft:dropped":{"minecraft:wheat_seeds":2},"minecraft:custom":{"minecraft:open_chest":6,"minecraft:time_since_rest":26265,"minecraft:crouch_one_cm":971,"minecraft:play_time":26265,"minecraft:sprint_one_cm":19699,"minecraft:walk_one_cm":13872,"minecraft:sneak_time":784,"minecraft:walk_under_water_one_cm":1493,"minecraft:drop":1,"minecraft:jump":211,"minecraft:damage_dealt":30,"minecraft:walk_on_water_one_cm":285,"minecraft:time_since_death":26265,"minecraft:total_world_time":26265,"minecraft:climb_one_cm":242,"minecraft:fall_one_cm":418,"minecraft:fly_one_cm":627375},"minecraft:picked_up":{"minecraft:wheat_seeds":2,"minecraft:spruce_door":1},"minecraft:used":{"minecraft:calcite":2,"minecraft:dark_oak_planks":2,"minecraft:mossy_cobblestone":3,"minecraft:dirt":2,"minecraft:black_stained_glass_pane":2,"minecraft:oxidized_copper":182,"minecraft:grass_block":6,"alexsmobs:animal_dictionary":1,"minecraft:stone":7,"minecraft:grass":1,"minecraft:clay":6},"minecraft:mined":{"minecraft:grass":23}},"DataVersion":3465}