{
  "minecraft:recipes/decorations/crafting_table": {
    "criteria": {
      "unlock_right_away": "2024-07-14 20:01:20 +0000"
    },
    "done": true
  },
  "iceandfire:iceandfire/root": {
    "criteria": {
      "tick": "2024-07-14 20:01:20 +0000"
    },
    "done": true
  },
  "dungeons_arise:wda_root": {
    "criteria": {
      "WDA": "2024-07-14 20:01:20 +0000"
    },
    "done": true
  },
  "cataclysm:root": {
    "criteria": {
      "custom_test_name": "2024-07-14 20:01:20 +0000"
    },
    "done": true
  },
  "minecraft:adventure/adventuring_time": {
    "criteria": {
      "minecraft:sunflower_plains": "2024-07-14 20:01:20 +0000",
      "minecraft:birch_forest": "2024-07-14 20:02:41 +0000",
      "minecraft:bamboo_jungle": "2024-07-14 20:07:11 +0000",
      "minecraft:savanna_plateau": "2024-07-14 20:10:24 +0000",
      "minecraft:beach": "2024-07-14 20:01:21 +0000",
      "minecraft:dark_forest": "2024-07-14 20:06:14 +0000",
      "minecraft:sparse_jungle": "2024-07-14 20:06:43 +0000",
      "minecraft:river": "2024-07-14 20:01:24 +0000",
      "minecraft:forest": "2024-07-14 20:01:37 +0000",
      "minecraft:desert": "2024-07-14 20:07:07 +0000",
      "minecraft:windswept_forest": "2024-07-14 20:03:51 +0000",
      "minecraft:jungle": "2024-07-14 20:02:25 +0000",
      "minecraft:deep_lukewarm_ocean": "2024-07-14 20:01:52 +0000",
      "minecraft:savanna": "2024-07-14 20:09:39 +0000",
      "minecraft:plains": "2024-07-14 20:01:25 +0000"
    },
    "done": false
  },
  "DataVersion": 3465
}